<code_scheme name="template" version="173">
    <option name="CLASS_COUNT_TO_USE_IMPORT_ON_DEMAND" value="99" />
    <option name="NAMES_COUNT_TO_USE_IMPORT_ON_DEMAND" value="99" />
    <option name="PACKAGES_TO_USE_IMPORT_ON_DEMAND">
        <value />
    </option>
    <option name="IMPORT_LAYOUT_TABLE">
        <value>
            <package name="android" withSubpackages="true" static="false" />
            <emptyLine />
            <package name="com" withSubpackages="true" static="false" />
            <emptyLine />
            <package name="junit" withSubpackages="true" static="false" />
            <emptyLine />
            <package name="net" withSubpackages="true" static="false" />
            <emptyLine />
            <package name="org" withSubpackages="true" static="false" />
            <emptyLine />
            <package name="java" withSubpackages="true" static="false" />
            <emptyLine />
            <package name="javax" withSubpackages="true" static="false" />
            <emptyLine />
            <package name="" withSubpackages="true" static="false" />
            <emptyLine />
            <package name="" withSubpackages="true" static="true" />
            <emptyLine />
        </value>
    </option>
    <option name="RIGHT_MARGIN" value="100" />
    <AndroidXmlCodeStyleSettings>
        <option name="USE_CUSTOM_SETTINGS" value="true" />
    </AndroidXmlCodeStyleSettings>
    <JavaCodeStyleSettings>
        <option name="BLANK_LINES_AROUND_INITIALIZER" value="0" />
        <option name="CLASS_COUNT_TO_USE_IMPORT_ON_DEMAND" value="99" />
        <option name="NAMES_COUNT_TO_USE_IMPORT_ON_DEMAND" value="99" />
        <option name="PACKAGES_TO_USE_IMPORT_ON_DEMAND">
            <value />
        </option>
        <option name="IMPORT_LAYOUT_TABLE">
            <value>
                <package name="android" withSubpackages="true" static="false" />
                <emptyLine />
                <package name="com" withSubpackages="true" static="false" />
                <emptyLine />
                <package name="junit" withSubpackages="true" static="false" />
                <emptyLine />
                <package name="net" withSubpackages="true" static="false" />
                <emptyLine />
                <package name="org" withSubpackages="true" static="false" />
                <emptyLine />
                <package name="java" withSubpackages="true" static="false" />
                <emptyLine />
                <package name="javax" withSubpackages="true" static="false" />
                <emptyLine />
                <package name="" withSubpackages="true" static="false" />
                <emptyLine />
                <package name="" withSubpackages="true" static="true" />
                <emptyLine />
            </value>
        </option>
    </JavaCodeStyleSettings>
    <MarkdownNavigatorCodeStyleSettings>
        <option name="RIGHT_MARGIN" value="72" />
    </MarkdownNavigatorCodeStyleSettings>
    <Objective-C-extensions>
        <file>
            <option name="com.jetbrains.cidr.lang.util.OCDeclarationKind" value="Import" />
            <option name="com.jetbrains.cidr.lang.util.OCDeclarationKind" value="Macro" />
            <option name="com.jetbrains.cidr.lang.util.OCDeclarationKind" value="Typedef" />
            <option name="com.jetbrains.cidr.lang.util.OCDeclarationKind" value="Enum" />
            <option name="com.jetbrains.cidr.lang.util.OCDeclarationKind" value="Constant" />
            <option name="com.jetbrains.cidr.lang.util.OCDeclarationKind" value="Global" />
            <option name="com.jetbrains.cidr.lang.util.OCDeclarationKind" value="Struct" />
            <option name="com.jetbrains.cidr.lang.util.OCDeclarationKind" value="FunctionPredecl" />
            <option name="com.jetbrains.cidr.lang.util.OCDeclarationKind" value="Function" />
        </file>
        <class>
            <option name="com.jetbrains.cidr.lang.util.OCDeclarationKind" value="Property" />
            <option name="com.jetbrains.cidr.lang.util.OCDeclarationKind" value="Synthesize" />
            <option name="com.jetbrains.cidr.lang.util.OCDeclarationKind" value="InitMethod" />
            <option name="com.jetbrains.cidr.lang.util.OCDeclarationKind" value="StaticMethod" />
            <option name="com.jetbrains.cidr.lang.util.OCDeclarationKind" value="InstanceMethod" />
            <option name="com.jetbrains.cidr.lang.util.OCDeclarationKind" value="DeallocMethod" />
        </class>
        <extensions>
            <pair source="cpp" header="h" fileNamingConvention="NONE" />
            <pair source="c" header="h" fileNamingConvention="NONE" />
        </extensions>
    </Objective-C-extensions>
    <XML>
        <option name="XML_KEEP_LINE_BREAKS" value="false" />
        <option name="XML_ALIGN_ATTRIBUTES" value="false" />
        <option name="XML_SPACE_INSIDE_EMPTY_TAG" value="true" />
        <option name="XML_LEGACY_SETTINGS_IMPORTED" value="true" />
    </XML>
    <codeStyleSettings language="JAVA">
        <option name="RIGHT_MARGIN" value="120" />
        <option name="KEEP_LINE_BREAKS" value="false" />
        <option name="KEEP_FIRST_COLUMN_COMMENT" value="false" />
        <option name="KEEP_CONTROL_STATEMENT_IN_ONE_LINE" value="false" />
        <option name="KEEP_BLANK_LINES_IN_DECLARATIONS" value="1" />
        <option name="KEEP_BLANK_LINES_IN_CODE" value="1" />
        <option name="KEEP_BLANK_LINES_BEFORE_RBRACE" value="1" />
        <option name="BLANK_LINES_BEFORE_METHOD_BODY" value="1" />
        <option name="BLANK_LINES_AFTER_CLASS_HEADER" value="1" />
        <option name="BLANK_LINES_AFTER_ANONYMOUS_CLASS_HEADER" value="1" />
        <option name="CALL_PARAMETERS_WRAP" value="5" />
        <option name="METHOD_PARAMETERS_WRAP" value="2" />
        <option name="EXTENDS_LIST_WRAP" value="5" />
        <option name="THROWS_LIST_WRAP" value="1" />
        <option name="EXTENDS_KEYWORD_WRAP" value="1" />
        <option name="METHOD_CALL_CHAIN_WRAP" value="1" />
        <option name="FOR_STATEMENT_WRAP" value="2" />
        <option name="IF_BRACE_FORCE" value="3" />
        <option name="DOWHILE_BRACE_FORCE" value="3" />
        <option name="WHILE_BRACE_FORCE" value="3" />
        <option name="FOR_BRACE_FORCE" value="3" />
        <arrangement>
            <rules>
                <section>
                    <rule>
                        <match>
                            <AND>
                                <FIELD>true</FIELD>
                                <FINAL>true</FINAL>
                                <PUBLIC>true</PUBLIC>
                                <STATIC>true</STATIC>
                            </AND>
                        </match>
                    </rule>
                </section>
                <section>
                    <rule>
                        <match>
                            <AND>
                                <FIELD>true</FIELD>
                                <FINAL>true</FINAL>
                                <PROTECTED>true</PROTECTED>
                                <STATIC>true</STATIC>
                            </AND>
                        </match>
                    </rule>
                </section>
                <section>
                    <rule>
                        <match>
                            <AND>
                                <FIELD>true</FIELD>
                                <FINAL>true</FINAL>
                                <PACKAGE_PRIVATE>true</PACKAGE_PRIVATE>
                                <STATIC>true</STATIC>
                            </AND>
                        </match>
                    </rule>
                </section>
                <section>
                    <rule>
                        <match>
                            <AND>
                                <FIELD>true</FIELD>
                                <FINAL>true</FINAL>
                                <PRIVATE>true</PRIVATE>
                                <STATIC>true</STATIC>
                            </AND>
                        </match>
                    </rule>
                </section>
                <section>
                    <rule>
                        <match>
                            <AND>
                                <FIELD>true</FIELD>
                                <PUBLIC>true</PUBLIC>
                                <STATIC>true</STATIC>
                            </AND>
                        </match>
                    </rule>
                </section>
                <section>
                    <rule>
                        <match>
                            <AND>
                                <FIELD>true</FIELD>
                                <PROTECTED>true</PROTECTED>
                                <STATIC>true</STATIC>
                            </AND>
                        </match>
                    </rule>
                </section>
                <section>
                    <rule>
                        <match>
                            <AND>
                                <FIELD>true</FIELD>
                                <PACKAGE_PRIVATE>true</PACKAGE_PRIVATE>
                                <STATIC>true</STATIC>
                            </AND>
                        </match>
                    </rule>
                </section>
                <section>
                    <rule>
                        <match>
                            <AND>
                                <FIELD>true</FIELD>
                                <PRIVATE>true</PRIVATE>
                                <STATIC>true</STATIC>
                            </AND>
                        </match>
                    </rule>
                </section>
                <section>
                    <rule>
                        <match>
                            <AND>
                                <INITIALIZER_BLOCK>true</INITIALIZER_BLOCK>
                                <STATIC>true</STATIC>
                            </AND>
                        </match>
                    </rule>
                </section>
                <section>
                    <rule>
                        <match>
                            <AND>
                                <FIELD>true</FIELD>
                                <FINAL>true</FINAL>
                                <PUBLIC>true</PUBLIC>
                            </AND>
                        </match>
                    </rule>
                </section>
                <section>
                    <rule>
                        <match>
                            <AND>
                                <FIELD>true</FIELD>
                                <FINAL>true</FINAL>
                                <PROTECTED>true</PROTECTED>
                            </AND>
                        </match>
                    </rule>
                </section>
                <section>
                    <rule>
                        <match>
                            <AND>
                                <FIELD>true</FIELD>
                                <FINAL>true</FINAL>
                                <PACKAGE_PRIVATE>true</PACKAGE_PRIVATE>
                            </AND>
                        </match>
                    </rule>
                </section>
                <section>
                    <rule>
                        <match>
                            <AND>
                                <FIELD>true</FIELD>
                                <FINAL>true</FINAL>
                                <PRIVATE>true</PRIVATE>
                            </AND>
                        </match>
                    </rule>
                </section>
                <section>
                    <rule>
                        <match>
                            <AND>
                                <FIELD>true</FIELD>
                                <PUBLIC>true</PUBLIC>
                            </AND>
                        </match>
                    </rule>
                </section>
                <section>
                    <rule>
                        <match>
                            <AND>
                                <FIELD>true</FIELD>
                                <PROTECTED>true</PROTECTED>
                            </AND>
                        </match>
                    </rule>
                </section>
                <section>
                    <rule>
                        <match>
                            <AND>
                                <FIELD>true</FIELD>
                                <PACKAGE_PRIVATE>true</PACKAGE_PRIVATE>
                            </AND>
                        </match>
                    </rule>
                </section>
                <section>
                    <rule>
                        <match>
                            <AND>
                                <FIELD>true</FIELD>
                                <PRIVATE>true</PRIVATE>
                            </AND>
                        </match>
                    </rule>
                </section>
                <section>
                    <rule>
                        <match>
                            <FIELD>true</FIELD>
                        </match>
                    </rule>
                </section>
                <section>
                    <rule>
                        <match>
                            <INITIALIZER_BLOCK>true</INITIALIZER_BLOCK>
                        </match>
                    </rule>
                </section>
                <section>
                    <rule>
                        <match>
                            <AND>
                                <ABSTRACT>true</ABSTRACT>
                                <METHOD>true</METHOD>
                            </AND>
                        </match>
                    </rule>
                </section>
                <section>
                    <rule>
                        <match>
                            <ENUM>true</ENUM>
                        </match>
                    </rule>
                </section>
                <section>
                    <rule>
                        <match>
                            <CONSTRUCTOR>true</CONSTRUCTOR>
                        </match>
                    </rule>
                </section>
                <section>
                    <rule>
                        <match>
                            <AND>
                                <METHOD>true</METHOD>
                                <STATIC>true</STATIC>
                            </AND>
                        </match>
                    </rule>
                </section>
                <section>
                    <rule>
                        <match>
                            <METHOD>true</METHOD>
                        </match>
                    </rule>
                </section>
                <section>
                    <rule>
                        <match>
                            <INTERFACE>true</INTERFACE>
                        </match>
                    </rule>
                </section>
                <section>
                    <rule>
                        <match>
                            <AND>
                                <CLASS>true</CLASS>
                                <STATIC>true</STATIC>
                            </AND>
                        </match>
                    </rule>
                </section>
                <section>
                    <rule>
                        <match>
                            <CLASS>true</CLASS>
                        </match>
                    </rule>
                </section>
            </rules>
        </arrangement>
    </codeStyleSettings>
    <codeStyleSettings language="XML">
        <option name="FORCE_REARRANGE_MODE" value="1" />
        <indentOptions>
            <option name="CONTINUATION_INDENT_SIZE" value="4" />
        </indentOptions>
        <arrangement>
            <rules>
                <section>
                    <rule>
                        <match>
                            <AND>
                                <NAME>xmlns:android</NAME>
                                <XML_NAMESPACE>Namespace:</XML_NAMESPACE>
                            </AND>
                        </match>
                    </rule>
                </section>
                <section>
                    <rule>
                        <match>
                            <AND>
                                <NAME>xmlns:.*</NAME>
                                <XML_NAMESPACE>Namespace:</XML_NAMESPACE>
                            </AND>
                        </match>
                        <order>BY_NAME</order>
                    </rule>
                </section>
                <section>
                    <rule>
                        <match>
                            <AND>
                                <NAME>.*:id</NAME>
                                <XML_NAMESPACE>http://schemas.android.com/apk/res/android
                                </XML_NAMESPACE>
                            </AND>
                        </match>
                    </rule>
                </section>
                <section>
                    <rule>
                        <match>
                            <AND>
                                <NAME>.*:name</NAME>
                                <XML_NAMESPACE>http://schemas.android.com/apk/res/android
                                </XML_NAMESPACE>
                            </AND>
                        </match>
                    </rule>
                </section>
                <section>
                    <rule>
                        <match>
                            <AND>
                                <NAME>name</NAME>
                                <XML_NAMESPACE>^$</XML_NAMESPACE>
                            </AND>
                        </match>
                    </rule>
                </section>
                <section>
                    <rule>
                        <match>
                            <AND>
                                <NAME>style</NAME>
                                <XML_NAMESPACE>^$</XML_NAMESPACE>
                            </AND>
                        </match>
                    </rule>
                </section>
                <section>
                    <rule>
                        <match>
                            <AND>
                                <NAME>.*</NAME>
                                <XML_NAMESPACE>^$</XML_NAMESPACE>
                            </AND>
                        </match>
                        <order>BY_NAME</order>
                    </rule>
                </section>
                <section>
                    <rule>
                        <match>
                            <AND>
                                <NAME>.*:layout_width</NAME>
                                <XML_NAMESPACE>http://schemas.android.com/apk/res/android
                                </XML_NAMESPACE>
                            </AND>
                        </match>
                    </rule>
                </section>
                <section>
                    <rule>
                        <match>
                            <AND>
                                <NAME>.*:layout_height</NAME>
                                <XML_NAMESPACE>http://schemas.android.com/apk/res/android
                                </XML_NAMESPACE>
                            </AND>
                        </match>
                    </rule>
                </section>
                <section>
                    <rule>
                        <match>
                            <AND>
                                <NAME>.*:layout_.*</NAME>
                                <XML_NAMESPACE>http://schemas.android.com/apk/res/android
                                </XML_NAMESPACE>
                            </AND>
                        </match>
                        <order>BY_NAME</order>
                    </rule>
                </section>
                <section>
                    <rule>
                        <match>
                            <AND>
                                <NAME>.*:width</NAME>
                                <XML_NAMESPACE>http://schemas.android.com/apk/res/android
                                </XML_NAMESPACE>
                            </AND>
                        </match>
                        <order>BY_NAME</order>
                    </rule>
                </section>
                <section>
                    <rule>
                        <match>
                            <AND>
                                <NAME>.*:height</NAME>
                                <XML_NAMESPACE>http://schemas.android.com/apk/res/android
                                </XML_NAMESPACE>
                            </AND>
                        </match>
                        <order>BY_NAME</order>
                    </rule>
                </section>
                <section>
                    <rule>
                        <match>
                            <AND>
                                <NAME>.*</NAME>
                                <XML_NAMESPACE>http://schemas.android.com/apk/res/android
                                </XML_NAMESPACE>
                            </AND>
                        </match>
                        <order>BY_NAME</order>
                    </rule>
                </section>
                <section>
                    <rule>
                        <match>
                            <AND>
                                <NAME>.*</NAME>
                                <XML_NAMESPACE>.*</XML_NAMESPACE>
                            </AND>
                        </match>
                        <order>BY_NAME</order>
                    </rule>
                </section>
            </rules>
        </arrangement>
    </codeStyleSettings>
</code_scheme>